name,screen_name,id,lang,followers_count,location,created_at,statuses_count,friends_count,description
mohd akmal,cipanoss,631924707,,3,,2012-07-10 09:43:19,1,53,b''
basset bourouro,bassetbourouro,2184098312,,0,,2013-11-09 10:56:00,2,7,b''
ÿ≥ÿπŸàÿØ,SAUD9969,597529653,,168,,2012-06-02 14:16:50,11,524,b'\xd9\x85\xd8\xba\xd8\xb1\xd8\xaf \xd8\xb3\xd8\xb9\xd9\x88\xd8\xaf\xd9\x8a................\xd8\xb9\xd8\xa7\xd8\xb4\xd9\x82 \xd9\x84\xd8\xb2\xd8\xb9\xd9\x8a\xd9\x85 \xd8\xa7\xd8\xb3\xd9\x8a\xd8\xa7'
Fabiola Bonalde,QueenLaly,263610437,,1,,2011-03-10 11:26:15,5,20,b''
com√©dia sem nexo,comediasemnexo,209133639,,5,,2010-10-28 15:40:53,3,13,b''
aline pinheiro ,alinecosta360,2180361575,,0,,2013-11-14 03:02:47,3,18,b''
Travis Bennett,NicMaschas10,1669262730,,156,,2013-08-14 02:31:49,3896,497,"b""| MCHS | Sophomore | Class of '17 | RE2PECT |"""
Kara Lynn Designs,KaraLynnDesigns,454353326,,5,Boston,2012-01-03 22:15:18,5,15,b'I am an accessories designer trying to follow my creative dreams and enjoy it!'
Jeffrey,runnoft,10724232,,122,"San Francisco, CA",2007-11-29 23:54:08,3901,236,b'Fair is a place where they judge pigs. Nobody cares about fairness. Everybody is out there trying to get theirs. @stephenasmith'
luciafianza,_562169705596,495282012,,0,,2012-02-17 20:05:18,1,2,b''
ùî∏ùïüùï•ùïô ‚ôàÔ∏èüëΩ,adouv19,90091527,,271,"Massachusetts, USA",2009-11-15 04:08:04,6100,550,b'Skiiiiiiiirt'
megan w,meggo1221,25063435,,11,state of pa in usa,2009-03-18 12:24:03,10,85,b''
Malvina Fernandezüå∏,Malvina_Fz,383902614,,1123,"La Plata, Argentina",2011-10-02 18:29:50,63758,867,"b'Si no la gano, la empato. Todav\xc3\xada no encuentro algo m\xc3\xa1s divertido que quejarme\xf0\x9f\x92\xab\nMadre de \xf0\x9f\x90\x95\xf0\x9f\x90\xa9\xf0\x9f\x90\xb6\xf0\x9f\xa6\x94\xf0\x9f\x90\xb9\xf0\x9f\xa6\x86\xf0\x9f\x90\xb6\n\xe2\x80\xa2Fcv, UNLP\xe2\x80\xa2'"
Tante_gita,tantehot12,1774387358,,3107,Indonesia,2013-09-07 20:41:36,72,2,"b'Umur tante 31 tahun,tante senang tante bayar:)'"
aernulfo reveles,aernulfo,309213042,,16,,2011-06-01 18:34:13,1,6,b''
lavonda,lavonda58870635,1888004185,,0,,2013-09-20 22:04:04,3,1,b''
Killa Joe,KillarJoe,183992367,,29,,2010-08-28 12:05:45,9,141,b''
Jari Gusev,froddiesam,272098449,,2,,2011-03-25 20:45:31,22,4,b''
sajidali,sajidal41148212,1617313592,,0,,2013-07-24 09:17:47,1,22,b''
AIMAR BAEZ GOMEZ,AimarSivied,1517451678,,41,barquisimeto-venezuela,2013-06-14 20:12:07,36,52,b'doctora'
Lucile Hampton,LucileHampton12,1778071710,,1,UK,2013-09-07 21:33:50,8,27,b'Hi my names Josh! And  LOVE pizza! And getting more followers too! TeamFollowBack'
Tatianna Daigle,TatiannaDaigle,418313345,,32,"Mexico, Maine",2011-11-22 01:08:35,583,617,"b""I love Greyson Chance, One Directionand, and Jack Harries!!! I am a Enchancer and a Directioner!!!\r\nI have 5 sisters and I'm just loving life!:)"""
Edie,desperaaddo,1257581046,,3,,2013-03-10 17:52:45,3,18,b'chat me to know me as well :)'
sango,blueblues26,250243138,,0,,2011-02-10 18:13:34,215,2,b''
Felipe calder√≥n ,Felipe3095,2277408505,,0,Florencia  ,2014-01-05 09:50:52,1,4,b''
Jordan Elizabeth,YoJordannn,380343644,,2,,2011-09-26 13:57:47,1,3,b''
Ford McAlexander,fordmcalexander,93701074,,111,"Indianapolis, IN",2009-11-30 19:59:01,158,155,b''
9933605886,9933605886,257417420,,4,,2011-02-25 11:13:40,1,21,b''
Nadit,nadyaafriliant1,596265078,,87,,2012-06-01 06:24:14,221,147,b'karna yang datang tibatiba akan pergi tibatiba'
Sarah Serenity,SNSawyer,382206506,,51,Georgia,2011-09-29 17:27:29,1193,150,"b'Love is anterior to life, Posterior to death, Initial of creation, and The exponent of breath.            ~Emily Dickinson'"
Maury Velasquez,MauroTacaxoy,380631075,,357,Guatemala,2011-09-26 23:53:33,64,692,b'Cantante y Compositor del Genero Rap/HipHop\xe2\x9d\xa4'
ŸÜÿßÿØÿ± ÿßŸÜÿµÿßÿ±Ÿä,Naderansari2,715186985,,0,,2013-10-14 22:00:02,17,14,b''
Uƒüur Aydƒ±n,kivratemel29,1451715307,,0,,2013-05-23 14:49:52,3,5,b''
koba,yk11m86011,407701293,,6,"Sakai-shi Nishi, Osaka",2011-11-08 12:17:07,12,66,b''
dimas gonzalez,supercurrante,224068987,,1,san cristobal,2010-12-08 02:18:07,10,1,b'trabajo trabajo y mas trabajo'
Gary Lane,garylaneone,20573727,,6,,2009-02-11 05:46:28,2,5,b''
inma lopez,inmalopezc,1613774102,,76,,2013-07-22 22:15:27,175,90,b''
RADUL R DEV,RADULRDEV,389412602,,1,kannur,2011-10-12 11:28:22,1,77,"b'Student, traveller,'"
Boone McClendon,boonezfarm,848165966,,242,,2012-09-26 21:33:50,521,211,b''
ComunicaPlus,comunica_plus,314343991,,21,Rio de Janeiro,2011-06-10 03:10:19,78,160,"b'A @comunica_plus tem como objetivo promover sua empresa, marca ou evento, criando um elo na comunica\xc3\xa7\xc3\xa3o com seus clientes dentro da #socialmedia.'"
Bhaskar Ghose,bhaskarghose,107926798,,70,new delhi,2010-01-24 06:21:32,41,18,b'writer'
–î–º–∏—Ç—Ä–∏–π –ö–ª—é–µ–≤,DimaKlyuev,183628956,,3,Moscow,2010-08-27 13:51:54,74,0,b''
ÿ≥ŸÅŸäÿßŸÜŸàŸÅŸäÿ™ÿ¥ ¬π¬≥ ¬≥¬≥,sufyan998,1308805752,,124,,2013-03-27 22:49:55,10751,475,b'#HalaMadridYNadaMas'
Devin sims,Devinsims15,75270515,,188,TX,2009-09-18 12:42:17,1006,515,"b'God,family,friends,music all that matters'"
antonio reposi,antonioreposi,1920523812,,1,,2013-09-30 16:18:08,1,1,b''
ÁêâÈÇ£ÂÖé-ÔæôÔæÖÔæÑ-,xbloodshedx,158070107,,4,,2010-06-21 18:03:46,96,3,b''
P¬∞k4h¬∞NT4Z ¬∞¬∞¬∞16,dayanna1604,1096277714,,3,,2013-01-16 20:32:04,5,16,b''
Tiago Carvalho,pinto_carvalho,450082390,,99,,2011-12-29 21:14:20,278,105,b'Racing in 2016 Super Seven Series. 2015 GT Academy. Motorsport addict and mountain biker.'
Bill Mokovov,BillMokovov,712505756,,0,,2012-07-23 14:23:27,2,0,b''
Alejandra Barrales,AleBarrales,95431558,,39,"santiago, chile",2009-12-08 14:34:15,4,4,b''
rio pranata,rio_uok,1323904886,,9,,2013-04-03 05:18:26,9,28,b'LEAD GUITARIST of UNTIL OVERKILL (m)\nFOLLOW  @UntilOverKill \nhttp://t.co/y8Q2QAPsyt'
Tet√©n,Atopeonada,278144063,,354,,2011-04-06 18:01:54,4541,372,"b'Think less, do more.'"
Lorayne McKelvy-Morr,Loraynem,77760859,,4,"San Joaquin Valley, California",2009-09-27 15:37:37,11,7,b'Outsource Paralegal - Bankrupcty Analyst'
LOLWUTTTTTTTT,LOLWUTTTTTTTTER,62107631,,0,,2009-08-01 20:07:31,3,1,b''
Gencsi Zolt√°n,Zollcsi76,373938216,,0,"Budapest, Hungr√≠a",2011-09-15 12:42:10,1,1,b''
ana,rrlydontcare,1658769829,,1,,2013-08-09 22:38:20,1,6,b''
D A V I D,DoubleDeez909,810054720,,92,Riverside.,2012-09-08 03:00:18,2189,95,b''
Di Crowley,dcrowley18,416735943,,13,"Albuquerque, NM",2011-11-20 02:39:45,143,165,b''
‚ôî Novie Lautumena A‚ôî,Novie_LA94,86010011,,378,"Tangerang , Indonesia",2009-10-29 06:48:38,3652,752,b'INSTAGRAM : @novie_lautumena FACEBOOK : https://t.co/OwvYqcdVO6\nYOUTUBE CHANNEL : NOVIE LAUTUMENA (LINK BELOW)'
Joyce,god38125,43354970,,5,,2009-05-29 15:56:39,8,0,b''
Jennifer,cupids77,1074736898,,76,Louisiana ,2013-01-09 19:58:18,495,123,"b'Wife, Mother, Daughter, Sister, Friend, Attorney  (Me)'"
WordPress Developer,wordpressirl,477585289,,641,"Dublin, Ireland",2012-01-29 10:29:10,224,1298,"b""Looking for a WordPress Developer? Then look no further! We're WordPress natives, SEO nerds and online marketing geeks with major coffee & SERP  addictions! CTA"""
Nawaaz,NawaazNawi,1433884447,,25,,2013-05-16 19:47:32,41,72,b''
malin renate sjo,malinrenate1998,116863070,,3,,2010-02-23 20:23:12,1,7,b''
antonio booker,antonio_booker,1194887083,,3,Minnesota,2013-02-18 20:53:03,11,0,b'in a http://t.co/fKjfIiX0r9'
diren√ßg√ºzel ,direngzel1,2292623665,,1,,2014-01-15 12:14:36,1,6,b''
Natalija Fruk,FrukNatalija,541933062,,1,,2012-03-31 17:54:25,2,18,b''
ÍπÄÎèôÏùº(Ïù¥ÏÑ§),wls_gustn,240462129,,491,"Seoul, Korea",2011-01-20 00:16:07,1018,485,b'\xeb\x93\xa4\xea\xbd\x83\xec\xb2\x98\xeb\x9f\xbc~'
R√°dio Garagem,radiogaragem,92400802,,96,,2009-11-24 23:54:21,11,439,b''
Alice,Alice89035924,751920727,,0,,2012-08-11 21:17:01,9,0,b''
robert stone,robertstone64,2202410173,,3,asgard,2013-11-19 03:22:43,7,11,b''
ALI LARI,Qatr2022,242017166,,11,,2011-01-23 18:51:26,5,2,b''
Martha Douglas,MarthaDouglas,147495504,,6,"Mexicali, B.C, Mexico",2010-05-24 08:30:09,19,57,b''
B-Dizzle :D,BlakeleyPadgett,349958031,,3,,2011-08-07 00:12:23,2,8,b''
alaa,ZeaidAlaa,712218769,,0,,2012-07-23 10:44:12,3,7,b''
natali aragon,nataliaragon1,624030835,,0,,2012-07-01 19:41:34,3,0,b''
WSSA,WSSATeam,1682346343,,24,,2013-08-19 04:12:06,152,273,b''
Caleb Campbell,Cal3bCampb3ll,545594141,,22,,2012-04-05 01:38:55,2521,352,b''
Anna Dvorkin,AnnaDvorkin,402207125,,743,,2011-10-31 18:22:15,235,127,"b'Wife, Mom, Daughter, Sister, Aunt and proud AT&T employee. Thoughts are my own.'"
Norris Massey,NorrisMassey,1507780748,,17,jakarta,2013-06-12 00:28:25,16,101,b'k sllu ada'
Ewillene Karyne,EwilleneKaryne,347544908,,32,Cedro,2011-08-02 23:42:30,10,44,b''
Neliy Armandy pauly,NeliyArmandypau,1687624044,,1,,2013-08-21 07:15:50,7,3,b''
Failsipe,skinnaaso,1979105208,,1,,2013-10-21 15:43:26,1,20,b''
nathan parsley,nathanparsley,160672925,,2,,2010-06-28 20:59:44,1,1,b''
bahadƒ±r yaray,babayaray,1433539128,,5,,2013-05-16 16:59:33,1,41,b''
Evan B,Techie103,45478510,,108,"Chicago, IL, USA",2009-06-08 02:14:44,725,397,b'| Infrastructure Engineer | Server Whisperer | IT Professional | Enthusiast |'
muhammad owaina,MOwaina,1490702881,,0,,2013-06-07 15:46:48,2,0,b''
salshaabilaa,salshaa57472493,1609569356,,5,,2013-07-21 02:53:58,28,62,b''
tracey strong,allmother,120129827,,7,Scotland UK,2010-03-05 15:10:41,23,1,"b""I'm a devoted mother and nan, My children are my life and always will be. Like to meet new friends and have a laugh. Living life to the full"""
Gabbbyy,Gabbystratt,1107700224,,200,,2013-01-21 01:01:54,216,248,b'\xe2\x9a\xbd\xef\xb8\x8f'
Kimberly Brown,KimmyJo1965,28015650,,4,,2009-04-01 01:16:38,5,11,b''
„Åì„ÅÜ„Åü„Å°„ÇÉ„Çì,kouta0302,356126443,,6,,2011-08-16 11:28:35,285,10,b''
RoofersVirginia,RoofersVirginia,1059344774,,14,Virginia Beach,2013-01-04 02:34:36,2,13,"b'Roofers in Virginia Beach, Virginia Beach Roofers'"
Eduardo Zu√±iga,64Blind,823630926,,11,,2012-09-14 17:08:14,2,12,b''
Ennis Sugar High,EnnisSugarHigh,553825605,,12,"Ennis, Montana",2012-04-14 18:35:56,75,4,b'Ice Cream & Burgers'
Nikhil Mundlik,nmundlik,59462111,,32,"Pune, India",2009-07-23 13:32:05,5718,44,"b'Technology Analyst, Infosys'"
ƒ±smail kisa,vectorboy26,604906186,,9,,2012-06-10 22:44:13,14,28,b''
nick fritter,fruitcke51,465072025,,3,peidmont ohio,2012-01-15 22:59:14,3,5,b''
MATEUSZ KOSCIUK,POLISHMAFIA93,48632089,,0,,2009-06-19 06:31:50,4,1,b''
Mei,wxz119,931248870,,1,,2012-11-07 04:59:47,4,8,b'\xe5\xae\x89\xe5\xa6\x9e'
Jawi Ali Katamma,JKatamma,2250155718,,0,,2013-12-17 09:55:07,2,4,b''
robert welling,robertwelling1,427109449,,3,,2011-12-03 03:50:43,15,0,b''
Sloane Snider,SniderSloane,512582978,,1,Seattle,2012-03-03 00:00:09,5,0,b'I am Physical Graffiti'
Vicmary Martinez,vicmary_7,878363468,,0,Barquisimeto,2012-10-13 17:59:30,3,6,b''
alida sanchez,alidadelvalles,280837022,,7,venezuela,2011-04-12 03:37:34,2,5,"b'sin palabra, lo siento pero prefiero estar anonima, gracias'"
Maria Febri,mariafebribcn,484403654,,3,Jakarta,2012-02-06 02:23:08,1,10,b'Be your self :)'
Valeria V√°squez.,valcv24,158078999,,982,,2010-06-21 18:34:10,7828,0,b'Ser\xc3\xa9 breve: mi gran pasi\xc3\xb3n ? el f\xc3\xbatbol . Mi vida ? la m\xc3\xbasica'
Sarina H Chance,Cx3qZbn5ap,1261145544,,0,,2013-03-12 05:08:18,65,0,b''
Izatisss,izatishamsir,892204639,,134,"Seremban, Negeri Sembilan",2012-10-20 01:21:52,1459,106,b''
Aaron bradley hudson,AaronAaronma,483515872,,2,,2012-02-05 03:23:18,8,21,b''
Anah Rosiana,OchyNaaPark,815277714,,175,jakarta,2012-09-10 13:57:29,1872,97,b'only love one heart and belives the plan is good or bad God | 17 januari 1991| capricon'
claudia,claudiavero32,1679063106,,3,cardenas tab.,2013-08-17 20:35:54,1,4,b''
Rihanna ‚ô•,Rihanna1lov,451744893,,142,,2011-12-31 23:33:57,53,1208,"b""@Rihanna @Rihanna @Rihanna \r\nMOB  #follow #follow \r\nHi , i'm follow back :)"""
AlmeidinhaH,AlmeidinhaH02,356565973,,7,,2011-08-17 01:39:08,10,5,b''
ivl raghavendra,ivlr134,368801517,,9,,2011-09-06 07:48:31,2,3,b''
Roxanne G.,jack_daniels26,102808499,,35,,2010-01-07 22:24:42,3244,54,b'23. Ginger. Canadian. Eternal nostalgic. Feminist. Pro-Choice. Ally.'
AhmetBozan ATILMI≈û,BozanAhmet47,810623210,,2212,"Mardin, T√ºrkiye",2012-09-08 10:07:58,5042,1772,"b""\xc3\x9cmmet A\xc5\x9f\xc4\xb1\xc4\x9f\xc4\xb1 Peygamber Sevdal\xc4\xb1s\xc4\xb1 ALLAH'\xc4\xb1n Sad\xc4\xb1k Kulu..."""
Raymond Galarza,GalarzaRaymond,1680237308,,4,,2013-08-18 08:47:38,1,17,b''
‚òÜ„Çç„Çì‚òÜ,meguron_,121112036,,4,,2010-03-08 13:22:56,3,14,b''
KeShawn Smith,Kekefire123,1967516700,,24,,2013-10-17 20:36:25,12,62,b'I said About A Week Ago Week Ago'
Cyril Baker,Cyril3501,607856466,,0,,2012-06-14 03:19:17,1,10,b'Loves trucks and wwe'
jheyson zurita ramir,jheysonzurita,1596906108,,0,,2013-07-15 22:47:49,1,30,b''
guillermo sanchez,guillermosanc13,340016908,,1,,2011-07-22 00:58:02,1,1,b''
Minecraft Warrior,littleJeromeasf,1938870944,,31,,2013-10-05 21:15:37,2761,26,b'Best on hunger games my team is bajancanadian and my cuz jerome'
Rahmat Mulyadi,rmulyadi98,339123887,,2,,2011-07-20 16:39:36,2,3,b''
sony,JembrangSony,538109348,,0,,2012-03-27 12:12:40,1,0,b''
indri purwanti,indripurwanti25,760856005,,13,,2012-08-16 05:01:16,21,153,b''
Joe Pastor,acurajoe,211053691,,4,,2010-11-02 05:01:34,49,4,b''
Nathy Lougon,NLougon,804627164,,1,Rio de janeiro,2012-09-05 13:41:15,8,9,b''
alixon cristal ,alixon_cortes,1491467168,,0,,2013-06-07 22:51:53,1,23,b''
ŸÖÿ®ÿßÿØŸÑ ÿßŸÑÿ∑ÿßÿ¶ŸÅ,Evevev123456,1515809348,,240,,2013-06-14 08:45:47,2,7,b''
vhajAr Leoandro,jakVHORIZtgr,1094243196,,54,,2013-01-16 05:50:10,421,433,"b'DITANGERANG KAMI BERPIJAK , DIJAKARTA KAMI MEMIHAK PERSIJA'"
kimberley farndale,kimfarndalex,546621713,,220,newcastle,2012-04-06 07:58:45,1367,214,b'main marra- @lucyransonxx'
Michael Mwameme,MoiMichael,386144205,,2412,Agen,2011-10-06 18:52:43,19364,607,b'Je dis beaucoup de conneries pour masquer mon intelligence'
Catlin Callahan,CatlinMail,1053432200,,1,,2013-01-01 20:32:15,1,0,b''
S∆°ri,sori_caramel,1880230579,,5,,2013-09-18 17:11:36,100,4,b''
Savannah watts,Neverforgetmii,395601089,,0,,2011-10-21 22:53:49,1,0,b''
Alexandra gonzalez,Alexandragoga,244681392,,14,,2011-01-29 21:57:39,28,51,b''
t-stacks,tstacks3,478224897,,0,"battle creek, mi",2012-01-30 01:52:47,2,14,b''
Alexandria Flores,simply_alex,214962159,,0,,2010-11-12 17:19:14,3,1,b''
charles punden,punden,54907483,,10,,2009-07-08 14:16:33,1,1,b''
jade piracha,jadepiracha,891889308,,437,,2012-10-19 21:38:39,7769,439,b'stupid bitch'
Kessy nkwor,Nwabunwamen,348969271,,1,,2011-08-05 09:23:03,3,6,b''
Awn al hadidi,awnalhadidi,775731236,,5,,2012-08-23 11:11:57,1,8,b''
Haydee Rodriguez,hdrodrig90,42789041,,11,H-Town,2009-05-27 02:06:46,63,62,b''
lextriplex,lextriplex66,919998103,,1,,2012-11-01 23:00:37,1,24,b''
Marco Cedillo,marco24sc,1040783102,,21,,2012-12-27 22:51:27,2,242,b''
Inoke Breckterfield,Breck56,54561952,,4,,2009-07-07 14:29:30,1,0,b''
Ellen Cramer,EasyLowFatLivin,116832475,,2,Connecticut,2010-02-23 18:20:48,1,6,"b'Publishers, Easy Low-Fat Living'"
shafqat ali,shafqatalim,969917574,,1,,2012-11-25 12:09:14,2,1,b''
Steve Olson,stevenlolson,238713799,,106,"Vancouver, Canada",2011-01-15 21:22:38,216,103,"b'Dual citizen of Canada and United States, I intensely love both countries. Believe in a society that gives everyone equal opportunity to succeed.'"
Hugo,Sacunha_Mine,2286990758,,2,,2014-01-11 18:01:45,1,8,b''
Sara Vitoria,sarinha_0304,2280479574,,50,,2014-01-07 11:46:38,18,231,b'sarinha: D'
Nan vieira,Nanvieira1,400998523,,2,em algum canto do mundo,2011-10-29 22:06:30,2,86,"b'leonino lindo,chato mais tamb\xc3\xa9m legal,fofo me segue?'"
larese allen,youngrese,217268297,,72,in the YO,2010-11-19 01:33:35,70,0,"b""I'm gonna make it by any means, I got a pocketful of dreams."""
santiago Ni√±o,masktin,21278294,,49,bogota,2009-02-19 05:17:05,73,83,b''
ydoll,lolanlolo,130320662,,1,"Riyadh K S A,",2010-04-06 23:59:07,1,0,"b'emotional and hardworking,,ready to learn in anyway.'"
Abby Ryan Hendryan,Hendryan_r,1001123886,,40,Serpong,2012-12-10 07:17:49,194,0,b''
Kelly Webb,klex00,746455652,,1,,2012-08-09 03:26:03,3,6,b''
julio ,juniormajor2003,790857842,,0,,2012-08-30 05:01:45,3,0,b''
„ÇÑ„Åô„Å≤„Çç,vulcan831,1114663015,,0,Â§ßÈò™,2013-01-23 15:39:15,4,0,b'\xe8\xbb\x8a\xe3\x80\x81\xe3\x83\x90\xe3\x82\xa4\xe3\x82\xaf\xe3\x80\x81\xe3\x83\xac\xe3\x82\xb2\xe3\x82\xa8\xe5\xa5\xbd\xe3\x81\x8d\xef\xbc\x81'
CANDICE MILLER,CMILLER0623,61237673,,0,,2009-07-29 16:43:48,1,3,b''
Stford Richardson,stfordiylu4,438881936,,0,,2011-12-17 03:56:04,38,1,b''
Olivia Brown,OliviaBrown9230,395072247,,2,"Saint Matthew,SC",2011-10-21 02:41:21,1,40,b'Attending college and exploring life.'
Sally-J,sallyjanee,221339075,,1,,2010-11-30 11:45:40,9,56,b''
campa 2012,CampaURBJJ_2012,634401837,,6,,2012-07-13 05:35:21,4,10,b''
Esteban J Qui√±ones,estebanjq3,245987858,,625,"Madison, WI",2011-02-01 22:03:25,3032,3019,b'Development economist. Currently @UW_AAE & @UW_CDE. Soon to be @MathPolResearch (Summer 2019). Formerly @IFPRI & @FAO.'
rosana,rosana1234,105092748,,1,,2010-01-15 10:10:02,1,5,b''
Amandine,MandiineB,153619122,,221,France,2010-06-09 01:11:13,49768,179,b'27 - Lyon - #Navy  - Series Addict'
Cifel Egg Shake,CifelEggShake,446282412,,1,,2011-12-25 14:34:40,1,1,b'The Best Protein For You'
Maulana,mbo_ne,1977239119,,6,,2013-10-21 03:00:26,1409,88,b''
Milkcream,MiIkcream,633595424,,1,,2012-07-12 09:18:58,13,0,b''
Mitchell Bart,BigDaddyfdl,313547173,,3,,2011-06-08 20:38:59,1,10,b''
husainpatel,husainpatel1,1129791510,,0,,2013-01-29 02:15:30,80,0,b''
Gilvan rodrigues,BalaGilvan,2248780139,,0,,2013-12-28 20:46:21,2,8,b''
Robyn Passmore,RobynPE,93787784,,19,,2009-12-01 04:20:37,1,159,b''
Aysun Akkoyun,Aysun2002akkoyu,1642963201,,76,,2013-08-03 14:22:09,35,0,"b""I love you demi lovato ben lovatic'im selenat\xc3\xb6r olmu\xc5\x9flu\xc4\x9fum var az da olsa smiler'\xc4\xb1m katy cat olmay\xc4\xb1\xc4\xb1\xc4\xb1 d\xc3\xbc\xc5\x9f\xc3\xbcn\xc3\xbcyyorum"""
Ricks,Ricks8Ricky,467537339,,39,Surabaya,2012-01-18 15:39:08,155,131,b'I love Felicia Andriani Sutiono'
Ashley Jana,ashxb,296825399,,8,Canada,2011-05-11 13:26:55,10,9,b''
liedsongabrielmendes,liedsonlarissa,2600344064,,0,,2014-07-02 19:21:04,1,1,b''
gfdgfdg fdf,gfdgfdgfdf1,2374276615,,0,df,2014-03-05 19:53:34,8,2,b'fddf'
FUMIGACIONESESPINOZA,fumiespinoza,2241006121,,14,,2013-12-11 16:04:36,2508,16,b''
abolarinde adebimpe,vikkem2,1324583203,,0,Lagos nigeria,2013-04-03 13:15:47,2,13,b''
malak arbain,malakarbainnono,569547503,,0,,2012-05-03 00:32:14,3,0,b''
hery kiss,hery_loyal,275365086,,35,Banjarmasin,2011-04-01 04:00:29,172,58,b''
anderson,sonbra_loka,2857639270,,3,,2014-11-02 20:51:32,10,44,b''
Chris Harris,C_J_Harris,106277221,,6,southern sydney,2010-01-19 01:49:54,8,18,"b""I'm a 28 year old self employed motor mechanic. I love going on adventures and anything to do with bikes."""
Master Design,MasterDesignhn,573074780,,1,Honduras,2012-05-06 22:32:31,3,3,"b'Constituimos una empresa que produce una pagina web de calidad unificando innovaci\xc3\xb3n, esfuerzo y profesionalismo que contribuyen al compromiso generacional que'"
hamoo cand,hamoocand,1632826550,,4,,2013-07-30 12:39:11,103,0,b''
marie eriksson,naturligtfrisk,2821459383,,10,Stockholm,2014-10-10 21:53:18,2,3,b'Jobbar med friskv\xc3\xa5rd och i resebranschen p\xc3\xa5 Thomas Cook.'
Grayson Mero,GraysonTBH,1942618231,,2,,2013-10-07 01:34:53,69,1,"b""Hey I'm Grayson I love video games I'm white 6'3 and 195lbs"""
nickeel waterman,Nickeelsindy,2925098641,,0,,2014-12-10 02:59:13,1,0,b''
Rajib Talukder,RajibTalukder7,3305347423,,2,,2015-08-03 16:12:41,1,7,b''
Tayla Weber,tayla_weber,443144244,,43,"Melbourne, Australia",2011-12-21 21:28:54,212,304,"b""life isn't about waiting for the storm to pass, it's about being able to dance in the rain"""
„Å™„Åø,nami6182001,3137317813,,13,,2015-04-03 18:34:51,10,11,b'\xe4\xb8\xad\xe4\xba\x8c\xe3\x81\xab\xe3\x81\xaa\xe3\x82\x8b\xef\xbc\x81\xef\xbc\x81\xef\xbc\x81 \xe3\x82\xab\xe3\x82\xb2\xe3\x83\x97\xe3\x83\xad/\xe3\x83\x9c\xe3\x82\xab\xe3\x83\xad /HoneyWorks/\xe6\xad\x8c\xe3\x81\x84\xe6\x89\x8b/\xe3\x81\xa0\xe3\x81\x84\xe3\x81\x99\xe3\x81\x8d \xe5\x90\x8c\xe3\x81\x84\xe5\xb9\xb4\xe3\x80\x81\xe3\x82\xab\xe3\x82\xb2\xe3\x83\x97\xe3\x83\xad\xe5\xa5\xbd\xe3\x81\x8d\xe3\x81\xae\xe4\xba\xba\xef\xbc\x81line\xe3\x82\x84\xe3\x82\x8d\xef\xbc\x81\xef\xbc\x81'
milena omaira,miomamejiba,517204159,,0,,2012-03-07 04:23:38,2,0,b''
Adriana Fornaris,FornarisAdriana,610979578,,0,,2012-06-17 17:23:29,37,4,b''
Alexis santana,Doctor_Daddy,838704194,,2,,2012-09-21 23:00:37,1,10,b'1%.....'
budak nakal,7551c780e6d8470,2937408194,,32,bera,2014-12-20 19:09:32,102,40,b''
„Å≤„ÅíÔº†„Åò„ÇÖ„Çä,higeA35,139296565,,58,ÂåóÊµ∑ÈÅì„ÅÆÂÆ∂,2010-05-02 04:53:31,1480,139,"b""L'Arc\xe3\x80\x9cen\xe3\x80\x9cCiel\xe3\x83\xbbMWAM\xe3\x83\xbb\xe4\xb8\x8b\xe9\x87\x8e\xe7\xb4\x98\xe3\x83\xbb\xe3\x83\xa0\xe3\x83\xbc\xe3\x83\x9f\xe3\x83\xb3\xe3\x83\xbb\xe3\x82\xab\xe3\x83\x95\xe3\x82\xa7\xe3\x83\xbb\xe3\x82\xa2\xe3\x83\x8b\xe3\x83\xa1\xe3\x83\xbb\xe6\xbc\xab\xe7\x94\xbb\xe3\x83\xbb\xe3\x82\xb2\xe3\x83\xbc\xe3\x83\xa0\xe3\x83\xbb\xe6\x98\xa0\xe7\x94\xbb\xe3\x82\x92\xe3\x81\x93\xe3\x82\x88\xe3\x81\xaa\xe3\x81\x8f\xe6\x84\x9b\xe3\x81\x99\xe3\x82\x8b\xe5\xa4\x89\xe6\x85\x8b\xe7\xb4\xb3\xe5\xa3\xab\xe3\x81\xa8\xe3\x81\xaf\xe7\xa7\x81\xe3\x81\xae\xe4\xba\x8b\xe3\x81\xa7\xe3\x81\x99\xe3\x80\x82\r\n\xe8\xbf\x91\xe9\xa0\x83\xe3\x81\xaf\xe4\xb8\x8b\xe9\x87\x8e\xe7\xb4\x98\xe3\x81\xa8\xe5\xbc\xb1\xe8\x99\xab\xe3\x83\x9a\xe3\x83\x80\xe3\x83\xab(\xe5\xb7\xbb\xe5\xb3\xb6\xe3\x83\xbb\xe8\x8d\x92\xe5\x8c\x97)\xe3\x81\xab\xe5\xb5\x8c\xe3\x82\x8a\xe3\x81\xbe\xe3\x81\x8f\xe3\x82\x8a\xe3\x81\xa7\xe3\x81\x99\xe3\x80\x82"""
Fans Christy Angel,Angel_ChristyFC,362885805,,19,,2011-08-27 04:22:50,35,20,"b""keepp suport @Angel_ChiBi and @ChristyChiBi :)\r\n'They are personil of @Cherrybelleindo\r\nFollow me if you Twibi , Angelous and Christyval :)"""
Elizabeth Martin,neezybaby1991,228891086,,3,,2010-12-20 23:47:36,9,11,b''
heri_dermawan,heridermawan18,3326715170,,2,,2015-08-23 15:27:00,13,124,b''
zackary new,seantaylor90,229233888,,1,Mount Airy,2010-12-21 21:49:19,2,0,b''
ricardo duran,EINVECETU,143572762,,8,san luis potosi,2010-05-13 21:04:58,190,0,b''
supa G,coolboykai,363452093,,7,,2011-08-28 03:19:55,6,8,b''
Sidik Prasetiyo Asmoro,Sidikprasmoro,545597279,,72,,2012-04-05 01:44:41,91,86,b'(SK)'
Simone Vasconcelos,ranavasconcelos,2259274745,,6,"Cidade L√≠der, S√£o Paulo",2014-01-03 02:16:37,14,61,b''
JuJu,jujug79,1602482665,,1,,2013-07-18 03:30:26,6,21,"b""Don't forget we are here for a reason. Don't let your reason pass you by."""
222222222,22222222bhfhabd,1064298667,,0,,2013-01-05 23:40:11,1,11,b''
ylmcrea,ylmcrea,2197354382,,3,,2013-11-16 08:28:42,4,9,b''
Anneloes Bruggers,AnneloesWempe,951676291,,7,,2012-11-16 13:13:49,3,12,b''
accessorizeallareas,Accessoriza,2598406254,,7,UK,2014-07-01 19:10:27,123,53,"b'Fashion Accessories Addict and blogger. Watches, jewels, shoes, bags-you get the idea...'"
Jimi the Aspie,JimitheAspie,509236700,,398,Higher than where ever you are,2012-02-29 21:01:24,4342,701,b'Where heads and higher intellects meet. Connecting and consulting in a myriad of arenas.Leaving the darkness behind. @ me DM me #AdarioDesigns'
georgie lee x,leegeorgiex,454518481,,2,,2012-01-04 02:46:17,2,1,b''
Winnie Wong,Vainnie,146376470,,20,Singapore,2010-05-21 08:19:48,114,5,b''
Vina anggun,vina_hh,969033320,,0,,2012-11-25 00:02:31,3,0,b''
Posie Marvell,UKmitherer,1604279018,,4,,2013-07-18 20:29:51,13,37,b''
victor Alves,tabacugrande,161845532,,8,,2010-07-01 23:12:29,1,1,b''
Gom,gom_super,1512149130,,0,,2013-06-13 02:16:22,1,12,b''
ÿ±ÿßŸÅÿ∂Ÿä ÿßÿ®Ÿà ÿ±Ÿäÿ≠Ÿá,nextman111,518301031,,11,,2012-03-08 08:06:52,1,103,b''
muhamad fahmi IV,muhamadfahmiIV,1579165633,,8,,2013-07-09 01:56:56,3,6,b''
Rapha√´l Jud,RaphJud,1650138956,,32,,2013-08-06 11:34:32,19,93,b''
Nayyab khan,nayyab_02,3268323931,,17,Pakistan,2015-07-04 16:49:23,9,28,b'#virgo #lovechocolate #queenofmyown  #amahardnuttocrack'
Laure Visagie,VisagieLaure,3291841043,,2,,2015-05-20 19:54:54,1,30,b''
ÿÆÿ∑ÿ®ÿ© ÿßŸÑÿ¨ŸÖÿπÿ©,kho6bah,2541207326,,987,,2014-06-02 10:49:18,7,0,b'\xe2\x80\x8f\xe2\x80\x8f\xd8\xae\xd8\xb7\xd8\xa8\xd8\xa9 \xd9\x83\xd9\x84 \xd8\xa3\xd8\xb3\xd8\xa8\xd9\x88\xd8\xb9'
Olly's girl,beckii_loves_1D,151222491,,171,spalding,2010-06-02 22:37:19,1583,1558,b'@onedirection \xe2\x99\xa5 niall horan \xe2\x99\xa5'
Claudia Laurence,pohxplaurence,508154218,,23,Harlem State Of Mind New York,2012-02-29 00:45:38,31,573,b'Black Door Enterprise. Real People Doig Real Things.'
Guadalupe Paniagua,copopita,3293578249,,8,,2015-07-25 20:15:16,15,85,"b'divertida,me gusta escuchar m\xc3\xbasica'"
fitri agung wijayati,fi3_aw,132165424,,7,yogyakarta,2010-04-12 13:19:58,5,3,b''
Aaron Issler,LPJUNKIE,1182968857,,625,"New Port Richey, FL",2013-02-15 15:28:10,621,1344,b'We at http://t.co/zQOqKg9RSr are a FREE MARKETPLACE bringing music lover\xe2\x80\x99s and the music they want to hear together. No commission fees to sellers!! Join today!'
.March.Finest,ExulsiveRea_,3337289885,,56,,2015-06-20 17:23:43,237,0,b'\xc2\xb714\n\xc2\xb7solo\xc2\xb7New page\n\xc2\xb7kik @CrazyStupid.love\n\xc2\xb7FMOI@CrazyStupid.love_'
natasha moncrief,nm_lil,1959749281,,43,,2013-10-14 01:54:47,4,324,b''
Joao henrique gomez,Joaohenriquego8,1517452526,,1,,2013-06-14 20:00:19,5,25,b''
varapron_mod,varapron2,393675661,,1,,2011-10-18 22:14:39,1,1,b''
alhakeeka2,alhakeeka22,840257923,,111,,2012-09-22 18:47:21,47,1,b''
sanii,VirMaNiShal1,875609144,,9,,2012-10-12 13:14:06,466,20,b''
benjamin,benwiochman,2878306383,,5,,2014-11-15 18:13:52,4,11,b''
„Éû„Éû„É¨„Ç∂„É≥,mamaraisin,238134990,,3,ÈùôÂ≤°Â∏ÇÊ∏ÖÊ∞¥Âå∫,2011-01-14 13:02:55,1,17,b'EXILE THE SECOND     EXILE TETSUYA\xe3\x82\x92\xe5\xbf\x9c\xe6\x8f\xb4\xe3\x81\x97\xe3\x81\xa6\xe3\x81\xbe\xe3\x81\x99\xef\xbc\x81'
Arda,ur785,2857704988,,5,,2014-11-02 21:29:30,28,0,b''
Alex Huerta,huert_alex,3285831433,,5,,2015-07-20 20:20:26,11,35,b''
Daniel Araya,daraya95,2355065539,,7,,2014-02-21 16:43:24,25,77,b''
alfayoga,alfayoga6,1019133410,,1,,2012-12-18 06:18:20,10,8,b''
kenya armstrong,Mizz_Lovable_95,1090660724,,13,"bessemer,alabama",2013-01-15 01:11:11,13,27,"b'laid back,like 2 have REAL  FUN LOL!!!!!'"
megan smith,cuku4cocoapuffs,55717299,,2,,2009-07-11 01:06:41,4,24,b''
Jhovielyn Cristobal,JhovielynC,2201107255,,1,,2013-11-18 10:58:58,9,2,b''
ibsley,ibsley10,3165529858,,5,Estado Tachira San crisstobal,2015-04-13 23:49:54,1,81,b'soy muy carismatica me gusta la musica soy coqueta fam de maluma y me enamore de un chico del cole'
resportas_para _live,perguntas_lives,1118081232,,0,,2013-01-25 00:59:31,4,3,b''
Paula Thurman,pthurmanrealty,2891014090,,2,,2014-11-24 17:00:05,5,36,b''
lucky Small,alygirll14,632408789,,5,Trinidad y Tobago,2012-07-10 23:41:33,18,33,b'Loving d human race'
Taiwo adebisi,Taiwoadebisi7,3247049744,,0,,2015-06-16 19:41:41,1,16,b''
Yannira Carbajal F.,Yanni_Cf,207264893,,11,,2010-10-24 22:51:08,8,35,b''
Eman Hamdy,EmanbentHamdy,225770091,,16,,2010-12-12 11:55:38,1,3,b''
Soozers QTon,SuzyNewton,49747742,,306,Little Rock Arkansas Mostly,2009-06-22 20:09:04,11944,589,b'vicarious whistler'
Eurika,CuteEurika,614882641,,2,,2012-06-22 05:20:10,1,14,b''
Tanya Morrison,Twoeysmom,83921839,,0,Wisconsin,2009-10-20 20:44:30,2,0,b''
Pranay Samala,pranay_samala,458999492,,18,Hyderabad,2012-01-09 05:22:06,7,176,b''
Jack Macchia,Jackmac6,175217153,,2,,2010-08-06 00:39:25,1,15,b''
Leighason Devins,LeighasonDevins,329090802,,106,,2011-07-04 14:41:48,95,36,b''
Victoria Duncan,MsMockingjay7,491743592,,7,,2012-02-13 23:53:28,55,27,b''
Ÿàÿ±ÿØŸá ŸÉŸàŸäÿ™Ÿäÿ©,ward_7070,494990913,,1012,Ÿàÿ±ÿØŸá,2012-02-17 13:41:35,2453,603,b'\xd8\xa3\xd9\x83\xd8\xb1\xd9\x87 \xd8\xa3\xd9\x86 \xd8\xa3\xd8\xad\xd8\xa8 \xd9\x85\xd8\xab\xd9\x84 \xd8\xa7\xd9\x84\xd9\x86\xd8\xa7\xd8\xb3\r\n\xd8\xa3\xd9\x83\xd8\xb1\xd9\x87 \xd8\xa3\xd9\x86 \xd8\xa3\xd9\x83\xd8\xaa\xd8\xa8 \xd9\x85\xd8\xab\xd9\x84 \xd8\xa7\xd9\x84\xd9\x86\xd8\xa7\xd8\xb3\r\n\xd8\xa3\xd9\x88\xd8\xaf \xd9\x84\xd9\x88 \xd9\x83\xd8\xa7\xd9\x86 \xd9\x81\xd9\x85\xd9\x8a \xd9\x83\xd9\x86\xd9\x8a\xd8\xb3\xd8\xa9\r\n. . \xd9\x88\xd8\xa3\xd8\xad\xd8\xb1\xd9\x81\xd9\x8a \xd8\xa3\xd8\xac\xd8\xb1\xd8\xa7\xd8\xb3'
kathryn ,KasiKathryn,838920427,,1,,2012-09-22 02:11:53,3,14,b''
Blah blah blah,Blahblahblah20,64130647,,1,,2009-08-09 07:16:34,9,0,b''
√ü¬£R¬£N √üuyuk,berenbuyuk,1361862780,,1,,2013-04-18 13:05:53,23,2,b'komik seyler yapmak'
Cassandra Gordon,Cassandraggg,3096723644,,0,,2015-03-18 21:29:44,1,42,b''
Nicole Shukry,NicoleShoukry,786939361,,6,,2012-08-28 12:48:43,36,0,"b""loves reading, dancing, singing, and drawing.\nBtw.. i'm a MahomieForLife 3"""
Jamaraatho .,soicyytho,899075780,,140,,2012-10-23 03:24:16,187,162,"b'cutee , agressiveeee , anddd cockyyyyy !'"
@marthica,marthacaminero1,544531211,,5,santo domingo,2012-04-03 19:33:22,29,14,b''
Nick,chua_tekong,3160245476,,0,,2015-04-16 23:03:42,3,0,b''
mauricio hernandez,mauricio1119,74084083,,119,,2009-09-14 05:38:41,554,216,b'Galaxy Master Samsung IM Colombia (Smartphones - tablets - IT - Cameras)  tecnologia - Geek  y mi amor 100% a mi hijo... Miguel Angel!!! mi razon de ser'
ahmed arafa,king9eagle,2859749891,,30,,2014-11-04 01:25:46,1,9,b''
thayla silva,thaylamaria2009,2691344081,,16,,2014-07-09 14:49:01,56,91,"b'14 anos, adoro assuntos engra\xc3\xa7as, amo o universo feminino, sou apaixonada por futsal. Namorando'"
Liliane Vianna ,LilianeVianna20,1514884358,,4,,2013-06-14 00:52:22,4,113,b''
Pretty Little Liars,Redcoat_Liarss,2961984553,,125,,2015-01-07 03:29:24,369,119,b'2.7.15'
SodPen,StarMeansDeath,348306220,,15,"Fayetteville, NC",2011-08-04 06:20:17,1201,39,"b'Bass player, book reader, collector of vinyl records, big L Libertarian, devout atheist, military vet, and reptile enthusiast / keeper.'"
W&LCbKgThots,wlcbkgthots,2735284361,,1,,2014-08-06 17:18:16,1,6,b''
Nataly quiroz flores,Natalyquirozfl1,2874126357,,0,,2014-11-12 19:35:03,1,0,b''
Amanda Stout,manda033008,384117657,,7,,2011-10-03 03:12:58,1,0,b''
BizDepot,avivsaad,404099399,,6,Israel,2011-11-03 12:59:49,1,0,b''
Candra Ady Wahyono,Candra_Warrior,88583516,,3,,2009-11-09 03:38:59,1,29,b''
JORGE BARBALLANIZ,JBARBALLANIZ,429249513,,48,MEXICO,2011-12-05 18:58:49,1,132,b'SOY JORGE BARBALLANIZ TENGO 28 A\xc3\x91OS. SOY DE MAZATLAN SINALOA PERO ACTUALMENTE TRABAJO EN EL DISTRITO FEDERAL EN LA SECRETARIA DE LA REFORMA AGRARIA.'
Chichaa Carril,Ranchoapart22,2390045076,,42,,2014-03-14 23:43:53,79,114,b''
LorenZo,lorenzopedro3,1477206924,,6,,2013-06-02 12:46:08,24,131,b'Adoro la m\xc3\xbasica'
RomaxX Sept-Siix,RomaxXSeptSiix,1058181854,,4,Chez@LerougeSlymane,2013-01-03 16:22:04,13,18,b''
walid.lak,LakWalid,1075270057,,0,,2013-01-10 00:22:12,5,0,b''
Ben Foley,b___fo,178153629,,257,traveling,2010-08-14 00:50:40,912,429,b''
bart toet,barttoet,630163163,,6,,2012-07-08 12:10:44,2,0,b''
zoubir-talbi@hotmail,zoubir_talbi,2604248628,,0,,2014-07-04 22:52:50,2,0,b''
David Anderka,DaveedAnder,1045126177,,0,Redditch,2012-12-29 15:05:24,1,5,b''
Aga beeee,Yagmurlugecee,3228248289,,76,,2015-05-02 12:45:05,19,107,b''
kottuvijaykumar,kottuvijaykumar,423335731,,4,,2011-11-28 11:18:21,18,94,b''
me,ME_Dave1,1693309074,,0,,2013-08-23 09:14:41,1,9,b'Me'
Dashurim,Dashurim1,305013120,,2,,2011-05-25 14:01:10,1,8,b''
„ÇÑ„Åô„Å†„Å™„Çí,nawo0614,350622390,,0,,2011-08-08 02:12:25,1,2,b''
Sunghoon Jung,aebule85,114375361,,2,,2010-02-15 05:46:37,3,0,b''
Lisa buckles,Dixilotus,429174059,,3,,2011-12-05 17:08:40,4,23,b''
Rafaelaknowles,Rafaelaknowlees,1679770826,,44,,2013-08-18 03:47:59,173,236,b''
„ÅÇ„Åæ„Å≠„Åø,amanemi_radio,231063966,,6,,2010-12-27 13:59:18,67,8,b'2011.1.1 \xe6\xb7\xb1\xe5\xa4\x9c24:00\xe3\x81\x82\xe3\x81\x9f\xe3\x82\x8a\xe3\x81\xab\xe3\x82\xb9\xe3\x82\xbf\xe3\x83\xbc\xe3\x83\x88\xef\xbc\x81 \xe3\x80\x8c\xe3\x81\x82\xe3\x81\xbe\xe3\x81\xad\xe3\x81\xbf\xe3\x82\x89\xe3\x81\x98\xe3\x81\x8a\xe3\x80\x8d\xe3\x81\xaetwitter\xe3\x82\xa2\xe3\x82\xab\xe3\x82\xa6\xe3\x83\xb3\xe3\x83\x88\xe3\x80\x82\r\n\xe6\xaf\x8e\xe9\x80\xb1\xe5\x9c\x9f\xe6\x9b\x9c\xe6\x97\xa5\xe6\xb7\xb1\xe5\xa4\x9c24:00\xe3\x80\x9c30\xe5\x88\x86\xe3\x82\x92\xe4\xba\x88\xe5\xae\x9a\xef\xbc\x81\xef\xbc\x81\xef\xbc\x81\r\n\xe3\x81\x82\xe3\x82\x8c\xe3\x81\x93\xe3\x82\x8c\xe3\x82\x84\xe3\x81\xa3\xe3\x81\xa6\xe3\x81\x84\xe3\x81\x8d\xe3\x81\xbe\xe3\x81\x99\xe3\x81\xae\xe3\x81\xa7\xe3\x80\x81\xe3\x82\x88\xe3\x82\x8d\xe3\x81\x97\xe3\x81\x8f\xe3\x81\x8a\xe9\xa1\x98\xe3\x81\x84\xe3\x81\x97\xe3\x81\xbe\xe3\x81\x99\xe2\x98\x86\r\n\xe3\x81\x8a\xe3\x81\x9f\xe3\x82\x88\xe3\x82\x8a\xe3\x81\xaf radio@amanemi.jp \xe3\x81\xbe\xe3\x81\xa7\xe3\x80\x82'
Clem&Em,1Drassemblement,320753101,,399,Paris,2011-06-20 13:30:36,1663,853,b'Twitter cr\xc3\xa9\xc3\xa9 pour donner des informations sur les rassemblements de fans des One Direction que nous organisons. ON FOLLOW BACK! @NiallEmpire - @FrenchStylators'
‚ô¨SmaryakoO‚ô¨,Meerexoe,2478056605,,122,,2014-05-05 08:42:16,53,296,b'\xd9\x81\xd9\x8a \xd9\x83\xd9\x84 \xd9\x8a\xd9\x88\xd9\x85 \xd8\xa7\xd8\xad\xd8\xb3 \xd8\xa7\xd9\x86\xd9\x8a \xd8\xb9\xd8\xa7\xd9\x8a\xd8\xb4 \xd8\xa8\xd8\xae\xd9\x8a\xd8\xb1 \xd9\x88\xd8\xa7\xd9\x86\xd8\xaa \xd9\x85\xd8\xb9\xd8\xa7\xd9\x8a \xd8\xa7\xd8\xb4\xd9\x88\xd9\x81 \xd8\xa7\xd9\x84\xd8\xaf\xd9\x86\xd9\x8a\xd8\xa7 \xd8\xa7\xd8\xa8\xd8\xb9\xd9\x8a\xd9\x86\xd9\x8a \xd8\xba\xd9\x8a\xd8\xb1 \xd8\xad\xd8\xaa\xd9\x89 \xd8\xa7\xd9\x84\xd9\x87\xd9\x88\xd9\x89 \xd8\xa7\xd8\xaa\xd9\x86\xd9\x81\xd8\xb3\xd9\x87 \xd9\x85\xd8\xb3\xd9\x83 \xd9\x88\xd8\xb9\xd8\xa8\xd9\x8a\xd8\xb1 \xd8\xb5\xd9\x88\xd8\xaa\xd9\x83 \xd8\xad\xd8\xa8\xd9\x8a\xd8\xa8\xd9\x8a \xd9\x84\xd8\xa7 \xd8\xb3\xd9\x85\xd8\xb9\xd8\xaa\xd9\x87 \xd9\x82\xd9\x84\xd8\xa8\xd9\x8a \xd9\x8a\xd8\xb7\xd9\x8a\xd8\xb1  \xe2\x99\xa5'
Karla Hutton,HuttonKh,3053615444,,2,,2015-03-01 20:42:01,1,2,b''
Alexandria Colli,Elli_Alexa,533868234,,2,,2012-03-23 02:38:05,1,17,b''
juan hernandez vara,jhvara,91569942,,26,"Caracas, Venezuela",2009-11-21 13:20:20,8,73,b''
Bruna Pedrosa,brunapedrosaa,117917622,,77,Brasil,2010-02-27 01:35:26,744,94,b''
KBsoundz,KBsoundz,307284985,,60,Maidenhead,2011-05-29 10:47:51,21,138,b'Mobile Disco fantastic enterainment whatever the occasion.'
Gentri,engelkeiii,2951198330,,0,,2014-12-30 00:52:54,10,8,b''
Jeremiah,jaayissosaucy,324862926,,146,EA$T,2011-06-27 10:22:16,5036,122,b'Niner Gang Or No Gang Ho!\r\nJust Tryna Make It Big In Life\r\nRIP to the Realest!'
Ellen,BonnetEllen,444321559,,188,Manosque,2011-12-23 04:17:32,1416,803,b'Admiratrice de Laeticia Hallyday Smet'
Binaldo Arnaldo,BinaldoArnaldO,490675191,,0,,2012-02-12 20:02:08,4,0,b''
guillen zubiri,guillenzubiri,370422516,,0,,2011-09-09 00:33:53,2,0,b''
Bruce LaFontaine,LaFontaineBruce,1345136887,,40,,2013-04-11 19:37:10,22,425,b''
Nelly Arnoux,nellarnoux,2426930015,,49,,2014-03-21 13:39:44,10,66,b''
lau üí´,LauraMilena20,338757435,,181,,2011-07-20 01:46:30,6181,419,b'falador passa mal rapaz'
Danielle Kane,dannikane__x,44387473,,245,,2009-06-03 15:57:57,1832,501,b'bla'
TeeTee Suraboonkul,TeeTee_S,219695272,,2,"Bangkok, Thailand",2010-11-25 16:14:20,20,9,b'Success is not the key to happiness. Happiness is the key to success. #bb: 260CD243 :D'
Rikard Fagerli,rikardbf,436795407,,0,,2011-12-14 15:54:21,19,23,b''
ganesh,hariganesh0027,171104021,,11,,2010-07-26 15:28:59,3,1,b''
Tricia Bieber,TriciaBieberr,259249820,,0,,2011-03-01 13:26:47,2,2,b''
Arin Williams,arinchristine12,1533051589,,2,,2013-06-20 06:24:40,1,6,b''
G√∂ksel √únl√º,gkslunlu,1493990970,,36,,2013-06-08 21:57:30,147,30,b''
jitendra jotwani,AliJj990,2835490910,,0,,2014-09-29 08:39:39,1,7,b''
Cheyenne üíó,ohhchey,417562352,,42,,2011-11-21 03:15:19,2477,0,b''
Donkles,DonklesAtDibbz,963568747,,0,,2012-11-22 03:40:54,128,1,b''
„Åò„ÇÉPONÔºÅ,vHizdeomu,2578961801,,0,Êûú„Å¶,2014-06-03 00:38:37,3,1,b'\xe3\x83\x9f\xe3\x82\xb1\xe3\x81\xa0\xe3\x81\x8a(*\xc2\xb4\xcf\x89`)\xe3\x80\x80\xe7\x9a\x86\xe3\x81\x95\xe3\x82\x93\xe3\x83\x95\xe3\x82\xa9\xe3\x83\xad\xe3\x83\xaf\xe3\x83\xbc\xe3\x81\xab\xe3\x81\xaa\xe3\x81\xa3\xe3\x81\xa6\xe3\x81\x8f\xe3\x81\xa0\xe3\x81\xa1\xe3\x81\x84(*\xc2\xb4\xef\xbd\xa5\xcf\x89\xef\xbd\xa5`)\xe3\x80\x80\xe3\x82\xaa\xe3\x82\xbf\xe3\x82\xaf\xef\xbd\xa5\xe3\x83\xb2\xe3\x82\xbf\xe3\x82\xaf\xe3\x81\xa7\xe3\x80\x81\xe8\xbf\xbd\xe5\x87\xba\xe3\x81\x95\xe3\x82\x8c\xe3\x81\x9f2\xe3\x81\xa1\xe3\x82\x83\xe3\x82\x93\xe3\x81\xad\xe3\x82\x89\xe3\x83\xbc\xe3\x81\xa7\xe3\x81\x99(*\xc2\xb4\xcf\x89`)\xe3\x80\x80\xe3\x83\xb2\xe3\x82\xbf\xe3\x82\xaf\xe3\x81\xae\xe3\x82\xaa\xe3\x83\x95\xe4\xbc\x9a\xe3\x82\x84\xe3\x82\xb3\xe3\x82\xb9\xe3\x83\x97\xe3\x83\xac\xe7\xad\x89\xe3\x81\xab\xe8\x88\x88\xe5\x91\xb3\xe3\x81\x8c\xe3\x81\x82\xe3\x82\x8a\xe3\x81\xbe\xe3\x81\xb5(*\xc2\xb4\xcf\x89\xef\xbd\xa5`)\xe3\x80\x80\xe3\x82\xab\xe3\x83\xa9\xe3\x82\xaa\xe3\x82\xb1\xe3\x81\xaf\xe3\x82\xbd\xe3\x82\xb3\xe3\x82\xbd\xe3\x82\xb3\xe3\x81\xa7\xe3\x80\x81\xe6\xb1\xa0\xe3\x83\x9c\xe3\x82\xa4\xe3\x82\xb9\xe7\x89\xb9\xe8\xa8\x93\xe4\xb8\xad\xe3\x81\xa0\xe3\x81\x8a(*\xc2\xb4\xcf\x89`)\xe3\x80\x80\xe6\x80\xa7\xe5\x88\xa5\xe3\x81\xaf\xe2\x99\x82\xe3\x81\xa7\xe3\x81\xa4(\xc2\xb4\xef\xbd\xa5\xcf\x89\xef\xbd\xa5`)\xe3\x80\x80'
kikyo_shop,kikyo_shop,1734164322,,33,semarang,2013-09-06 06:16:23,3,165,b''
sahar,riahikamelyo204,3099705291,,0,,2015-03-20 17:09:13,3,40,b''
ana gabriela velazqu,gabrielithavela,329134824,,9,VENEZUELA,2011-07-04 16:02:43,3,12,b''
K so what do I do,KsowhatdoIdo,801544603,,0,,2012-09-04 00:57:11,18,0,b''
Lourdes Martinez,LourdesMrtnz12,1226718415,,170,"Lubbock, TX",2013-02-28 04:56:38,8644,131,"b'Just a girl trying to live her best life, finding people who want to help in that journey is a plus.'"
Maria Rios,soirairam,381206214,,48,,2011-09-27 22:50:33,33,55,b''
‡∏´‡∏°‡∏µ‡∏≠‡∏π‡πä‡∏î‡πÜ,krkkkj,582596427,,123,,2012-05-17 06:55:49,72606,449,b'\xe0\xb8\xab\xe0\xb8\x99\xe0\xb9\x89\xe0\xb8\xb2\xe0\xb8\x95\xe0\xb8\xb5\xe0\xb9\x8b\xe0\xb8\xad\xe0\xb8\xb5\xe0\xb8\x81\xe0\xb8\xa2\xe0\xb8\xb9 \xe0\xb8\xa3\xe0\xb8\xb1\xe0\xb8\x81\xe0\xb8\xab\xe0\xb8\xb9\xe0\xb8\x8a\xe0\xb8\xb2\xe0\xb8\x99\xe0\xb8\xa2\xe0\xb8\xad\xe0\xb8\xa5 \xe0\xb9\x81\xe0\xb8\xad\xe0\xb8\x9a\xe0\xb8\x99\xe0\xb8\xad\xe0\xb8\x99\xe0\xb8\x81\xe0\xb8\xb1\xe0\xb8\x9a\xe0\xb8\x81\xe0\xb8\xb5\xe0\xb8\x81\xe0\xb8\xa7\xe0\xb8\xb1\xe0\xb8\x87 \xe0\xb8\x97\xe0\xb9\x89\xe0\xb8\xb2\xe0\xb8\xa2\xe0\xb8\xaa\xe0\xb8\xb8\xe0\xb8\x94\xe0\xb8\x84\xe0\xb8\xa7\xe0\xb8\xb2\xe0\xb8\xa1\xe0\xb8\xab\xe0\xb8\xa7\xe0\xb8\xb1\xe0\xb8\x87\xe0\xb8\x84\xe0\xb8\xb7\xe0\xb8\xad\xe0\xb8\x81\xe0\xb8\xa2\xe0\xb8\xb9\xe0\xb8\x9c\xe0\xb8\xb9\xe0\xb9\x89\xe0\xb9\x80\xe0\xb8\x94\xe0\xb8\xb5\xe0\xb8\xa2\xe0\xb8\xa7 \xe0\xb8\xaa\xe0\xb8\xb2\xe0\xb8\xa1\xe0\xb8\xb5\xe0\xb9\x80\xe0\xb8\xa5\xe0\xb8\xa2\xe0\xb9\x81\xe0\xb8\xab\xe0\xb8\xa5\xe0\xb9\x88\xe0\xb8\xb0 \xe0\xb8\xa1\xe0\xb8\xb8\xe0\xb8\xa1\xe0\xb8\xb4 .'
Valeria,ValeriaWaldorf2,877432406,,6,,2012-10-13 09:30:09,3,91,b'Love Fashion'
310Â≠ê,nobi2nogizaka,2543309598,,206,,2014-06-03 11:30:52,3342,67,b'\xe7\xb4\xa0\xe6\x99\xb4\xe3\x82\x89\xe3\x81\x97\xe3\x81\x84\xe6\x9c\xaa\xe6\x9d\xa5\xe4\xba\x88\xe6\xb8\xac\xe3\x81\xa7\xe3\x81\x8d\xe3\x81\x9f\xe3\x82\x89\xe6\x95\x99\xe3\x81\x88\xe3\x81\xa6'
Madremia,kiwi2344,547137377,,16,,2012-04-06 22:02:47,4,119,b''
ÿßŸÑÿ¥ÿßÿπÿ± ŸàŸÑŸäÿØ ÿÆÿ∑ÿßÿ®,k_w39,1119780775,,4,,2013-01-25 16:51:50,30,26,b''
elineuda e gusttavo,nhayxa,385162060,,49,,2011-10-05 00:20:23,2,92,b''
__R‚ô°,Razan357,949167126,,93,,2012-11-15 06:31:13,1090,168,b''
Vivien Maa√ü,vivien_maass,2908210151,,39,,2014-12-06 19:43:53,8,18,b''
Neil Meredith,TF2Neil,228859695,,479,Shropshire,2010-12-20 21:48:18,3348,282,b'I\xe2\x80\x99m afraid I can only be me \xf0\x9f\x98\x89Family / Football / Travel / Running & developing our business is what makes me tick \xf0\x9f\x8c\x8e\xe2\x98\x80\xef\xb8\x8f\xf0\x9f\x8f\x83\xf0\x9f\x8f\xbc\xe2\x80\x8d\xe2\x99\x82\xef\xb8\x8f'
jones_espanto1324,Nair05Epsanto,3008832470,,12,,2015-02-03 05:51:08,28,34,b''
haritha harry,haritha_hats,851085200,,4,"hyderabad, india",2012-09-28 13:40:46,1,5,b'iM D OnE dAt nO OnE CaN Be RePLcD iN My waY....I lOvE d wAy i livE...!'
amina ,hany_amina,2535085168,,0,,2014-05-08 13:17:56,1,2,b''
Paramore ,ParamoreSpanish,1409066216,,4,Am√©rica Latina ,2013-05-07 00:40:44,16,19,"b'Noticias, Informaci\xc3\xb3n y mucho mas! Solo s\xc3\xadguenos y sabras todo sobre @Paramore! Follow us @YelyahWilliams @schzimmydeanie and @Itstayloryall'"
mgdapwt,mgdapwt,2904493693,,0,,2014-11-19 12:32:15,3,1,b''
Nala Vila,nalavila46,2332705664,,1,,2014-02-08 02:14:08,1,12,b''
Spencer Howey,HoweySpencer,2811075137,,142,,2014-10-06 18:25:50,22,130,b''
TEMESGEN SODISO,TSodiso,2786716360,,4,,2014-09-27 04:26:19,1,4,b''
don hunt,dphunt54,2437785372,,1,,2014-04-11 02:03:20,1,13,b'farmer'
Rafael Amezcua,R4F1ThA,280344775,,9,,2011-04-11 04:36:24,2,9,b''
Oqueli Maldonado,OqueliRomc2010,1894829798,,5,,2013-09-22 19:25:44,1,8,b''
MBActive,MBActive,17619445,,3,"Madison, WI",2008-11-25 13:48:54,3,2,"b'MBActive is a group of Wisconsin MBA students that stay active through snowboarding, lifting weights, running, biking, sledding, cross country skiing and more'"
yuli,yuli_tatimarian,955557420,,1,el planeta del amor...,2012-11-18 14:14:22,5,49,b'amo la vida...'
meme alagha,alaghamay,2524645724,,7,,2014-05-26 09:54:11,2,24,b''
..,mane12341,1905576602,,580,,2013-09-25 22:22:07,2252,1019,b'..'
nithaasma,nithaasma3,2831184589,,4,,2014-09-25 04:52:16,5,38,b''
betty varin,bettyvarin1,3125410637,,8,,2015-03-29 01:43:38,1,41,b'jaime le sexe'
soulmate,xcleooo,2800481501,,70,,2014-10-02 18:10:12,1215,251,"b""Vous savez quel est le probl\xc3\xa8me? Vous ne pouvez pas vivre avec l'id\xc3\xa9e que quelqu'un puisse partir."""
read bio,allformynarry,2781654980,,0,,2014-08-31 05:19:26,1,36,"b'just gave you a free follow, now go follow @narrydrugsx cause she follows back if you ask.'"
brian gorman,briangorman99,2243171682,,0,,2013-12-13 01:33:10,12,3,b''
Cravero Maxime ,kakaouet2903,1589471011,,5,,2013-07-12 21:28:37,3,51,b''
wafa khezami,wafakhezami,171831535,,24,montreal,2010-07-28 08:01:04,81,106,b''
jerry Johnson ,jjohnson7279,3139302297,,1,,2015-04-06 05:50:37,5,18,b'Just a blue collar father trying to make it in a white collar world! Lol'
arturo Morrone,arturo_morrone,2320599976,,6,M√ºnhen,2014-02-02 19:41:01,42,22,b''
michael e breslin,Mbres37,1239928375,,6,,2013-03-03 21:53:02,5,0,b''
Samiun,Samiunalz,2839032486,,0,,2014-10-03 13:13:04,1,0,b''
jennifer Lawrence ,gonnie2013,3323554279,,12,,2015-08-22 05:33:49,9,51,b''
Cody Hamar,CodyHamar,1536672756,,2,,2013-06-21 15:02:14,2,32,b''
duygunur uƒüur,469Nur,1394921107,,19,,2013-05-01 15:34:12,19,199,b''
KD SmithüèÅ,kdgotvans,2646459708,,3766,Roll Tide (self explanatory),2014-07-14 22:53:57,18284,3237,b'Love God. Love People. Be the change you want to see in the world\xf0\x9f\x92\x9a\xf0\x9f\x8c\x8d\xf0\x9f\x8c\x88\xce\x91\xce\x94\xce\xa8. \xce\xa3\xce\x93\xce\xa1. Entrepreneur. Living Colour Market\xe2\x99\xbb\xef\xb8\x8f. Sol-Era\xf0\x9f\x95\xb6'
Najeebaryan,Najeebaryan2,1364576324,,1,,2013-04-19 14:39:17,6,1,b''
Chloe Oag,CHLOE98OAG,557096167,,45,,2012-04-18 18:12:42,1,157,"b'i like all sorts of this like music, i like rock and pop and others, i like my t.v, follow me for the sake of following me, and ill follow you if u follow me xx'"
Roberta Ferreira,Roroberta3123,3347871034,,17,,2015-06-27 18:27:29,1,84,b'Nega'
edogawa banjarmasin,banjaredogawa,108875093,,46,,2010-01-27 08:14:09,11,9,b''
Jorge Martinez,JorgeKokomart,2671674455,,14,,2014-07-04 11:54:03,2,147,b''
AJAY SONTAKKE,SontakkeAjay,2737981613,,0,,2014-08-09 09:43:18,1,0,b''
–¢–∞—Ç—å—è–Ω–∞ –ù–æ–ª–µ–≤–∞,gagak2209,3002905560,,0,,2015-01-30 06:37:47,1,0,b''
gabriel martinez,gabriel46376278,1388105724,,0,,2013-04-28 23:03:28,2,20,b''
Mujer para la Mujer ,mujerplmujer,1300496876,,68,,2013-03-25 18:02:54,21,268,"b'Mujer para la mujer A.C. es una OSC que busca darle las herramientas a la mujer para desarrollarse integralmente a una conciliaci\xc3\xb3n familia, vida y trabajo'"
ÿπŸÑŸä ŸÖÿ≥ÿßÿπÿØ ÿßŸÑÿ≠ÿßÿ±ÿ´Ÿä,kahrmaman1p408,1701254010,,0,ÿßŸÑÿ±Ÿäÿßÿ∂,2013-08-26 08:10:50,5,11,b'\xd8\xb4\xd8\xa7\xd8\xb9\xd8\xb1\xd9\x8a\xd8\xa7\xd9\x84\xd9\x85\xd9\x81\xd8\xb6\xd9\x84 : \xd9\x81\xd8\xa7\xd9\x85\xd9\x81\xd8\xb6\xd9\x84\xd9\x87 * \xd8\xa7\xd8\xb9\xd8\xb1 \xd8\xa7\xd9\x84\xd8\xba\xd9\x8a\xd9\x85 \xd8\x9b \xd8\xa7\xd9\x84\xd8\xb4\xd8\xa7\xd8\xb9\xd8\xb1 \xd8\xb9\xd9\x8a\xd8\xa7\xd8\xaf_\xd8\xab\xd8\xa7\xd9\x86\xd9\x8a ~'
Ïû•Ïö∞ÏÑù,rudolf2580,280506757,,0,,2011-04-11 13:23:49,5,0,b'\xec\x95\x84\xec\x9e\x84 \xec\x82\xbc'
Carlos Garcia Perez,chococarlossV,3281138496,,4,Cd M√©xico,2015-07-16 03:16:25,11,42,b''
Busola Oludiran,ebonybusola,133744861,,15,Lagos,2010-04-16 14:29:26,18,0,b''
Macie Marie Johnson,MacieMarieJohns,579693623,,1,,2012-05-14 08:51:10,4,11,"b""Hey! Name's Macie. I love fashion, hanging out with my friends, and partying. Add me on Facebook, Polyvore, and myYearbook! And my email's MacieMarieJohnson. 3"""
Alexis Valdez,SexiiLexiiBeast,225477452,,2,,2010-12-11 17:18:37,19,11,b''
Niamh O Reilly,XxniamhmariexX,197914914,,0,ireland,2010-10-02 20:33:58,1,12,b''
SolveigBj,Solveig_Bj,726775423,,259,,2012-07-30 20:18:16,353,254,b''
El Tigre ¬Æ‚Ñ¢,el_tigrrre,170886647,,248,"hoy? aqui, ma√±ana quien sabe",2010-07-26 01:16:48,5750,480,"b""Fedfan y 49er 'til the day I die. Con sentido del humor, chingativo. Juego & amo el tennis... and also Love to Ride #HD"""
manish tembhurnikar,manishmrcool,321923572,,9,,2011-06-22 10:47:21,1,30,b''
Jeong Hyeon Tyae,cupfill,225712911,,2,,2010-12-12 07:54:35,1,0,b''
kj,kj0089,2591217434,,3,,2014-06-27 11:21:23,1,3,b''
Dalia omar ,01270793263omar,3370983987,,5,,2015-07-11 17:13:00,1,34,b''
sana naveed bhatti,GetzSana,1606195536,,1,,2013-07-19 15:52:08,3,1,b''
Kenzie,pirated64,1872101959,,55,Georgia,2013-09-16 15:35:22,126,128,b'Pray for Nick Davenport. Band.'
–ê. –ì–æ—Ä–±–æ–≤,tufuwujed,1008278293,,4,–ú–æ—Å–∫–≤–∞,2012-12-13 07:58:49,7,4,b'\xd0\x9b\xd0\xb8\xd0\xbd\xd0\xb3\xd0\xb2\xd0\xb8\xd1\x81\xd1\x82  \xd1\x81\xd0\xbe \xd1\x81\xd1\x82\xd0\xb0\xd0\xb6\xd0\xb5\xd0\xbc'
hussein,HISSEN88,184862518,,13,,2010-08-30 17:29:32,1,53,b''
inarah-mandias,InarahMandias,391293107,,3,Indonesia,2011-10-15 10:37:20,37,3,"b'Inarah-mandias! Since October, 13 2011 at 09.03 a.m. XoX'"
lobna Abdelsalam,AbdelsalamLobna,3343370777,,0,Egipto,2015-06-24 00:11:04,6,30,b''
Nizar Hilal,wolvdagreat,3305285539,,23,"Abu Dhabi, United Arab Emirate",2015-08-03 14:51:31,314,90,b''
Ch√ºchOo,ivercross,81008696,,22,,2009-10-09 02:41:14,42,11,"b'hombre, con sue\xc3\xb1os, metas, aspiraciones, pero sobre todo, medicina...medicina ...y mas medicina!!'"
banya,banya77,272722100,,1,,2011-03-27 02:07:46,19,37,b''
EYT Dƒ∞LBAZ,dilbaz33,205649508,,29,,2010-10-21 09:54:08,66,22,b''
Kyle Adams,kjadams331,3038155995,,0,,2015-02-15 02:43:57,2,25,b''
Pablo Escobar,alessandro10811,3346021007,,0,,2015-06-25 22:14:04,13,2,b''
Betting Tips,MacKazan,608134872,,952,,2012-06-14 11:21:31,664,0,b'Daily football matches betting tips \nBetting predictions as free tips \nYou will be notified with notifications when new matches are added'
kukusharma,kukusharma10,2850276104,,0,,2014-10-10 12:24:50,4,39,b''
J,Owens11J,1089062696,,33,,2013-01-14 13:39:00,1,238,b''
Rodrigo Moraga,c276f14e555c436,2547466629,,1,,2014-05-14 14:32:23,1,3,b''
Rohanlƒ±lar,rohaltr,3317896768,,5,,2015-06-10 19:55:37,6,0,b'Orta D\xc3\xbcnya'
Ruben Del Bado,RubenDelBado,3293312831,,0,,2015-05-21 20:39:58,1,2,b''
Christopher Carrillo,chrisrxcarrillo,3305021659,,2,"California, USA",2015-08-03 09:05:34,53,16,"b'fan of vanoss and dashiexp,'"
Jeremiah Quiambao,quiambao1014,302082211,,13,Angeles Pampanga,2011-05-20 15:30:38,10,49,b''
sohel,sohelass,390161565,,0,,2011-10-13 15:16:19,4,1,b''
FrameFree,saweq89,1578216240,,1,,2013-07-08 17:52:24,3,16,b''
‚ô•~``,nawafhnish2033,2173505793,,1,,2013-11-08 15:49:49,1,2,b''
È£ØÂ°ö Âà©Êòé,BinaryRiverSide,1971316548,,2,,2013-10-19 11:42:46,1,5,b''
Maweeah,Maweeah1,955006315,,0,,2012-11-18 07:06:20,1,7,b'Im sexy and I know it.! (LOL... JK)'
‡∏Å‡∏£‡∏∞‡∏õ‡∏π ‡∏Å‡∏¥‡πä‡∏õ‡∏ä‡πá‡∏≠‡∏ö,2521Kaapoo,2475537877,,0,,2014-05-03 14:01:33,2,6,b''
Christian,Chris5Carino,2233725890,,5,,2013-12-07 00:51:35,16,14,b'MVHS Freshman'
Ingrid Brito,00Melzinha00,508839745,,7,,2012-02-29 13:14:57,1,12,b''
princess marticion,princessmartici,1414873278,,1,,2013-05-09 07:38:04,5,1,b''
ellen,Ellensilva08,2939949273,,1,Brasil,2014-12-24 20:35:42,4,51,b'I love music!!!'
juju,jubonnenuitmama,2903484395,,0,,2014-12-03 08:20:39,4,5,b''
Subhajit Bakshi,subhajitb500,2812414867,,1,Chanak Mangalkote Burdwan 713131,2014-09-16 03:39:15,1,18,b'@Student of #Mathematics.Hungry for #mathematics'
Louise Sirisko,LouiseSirisko,714229068,,1037,York Region District School Board,2012-07-24 12:42:32,103,149,b'I am the Director of York Region District School Board and a mother of two wonderful people.  I am passionate about equity and enabling personal excellence.'
luis gallardo lopez,angelitogallard,403128559,,18,,2011-11-02 02:03:25,15,30,b''
Airton Stein,airtontetelbom,30788928,,33,,2009-04-13 02:44:15,14,26,b''
Airport Advice,AirportsStuffs,2501702247,,6,,2014-04-22 12:01:35,49,0,b'Providing you with advice that will make your airport expirience better.'
Day Styles ‚ù§,odayii16,3185315140,,33,,2015-04-20 01:56:24,94,62,b'THINGS i CAN\nQuisas tuvieron razon en colocar el amor en los libros..quisas no podia estar en otro lado\nFuturo: Actiz \xe2\x9d\xa4'
Jennifer Leak,jleak123,1235464603,,0,Columbia SC,2013-03-02 17:12:58,1,0,b'Established career person and an Entrepreneur in the process of starting my own business. Take a look at my website and tell me what you think!'
G,gg_jellybean,1934151578,,2,,2013-10-04 12:36:24,67,35,b''
Mauricio Rodriguez,MauriicioRdgz,513432856,,37,El Salvador,2012-03-03 18:06:55,162,126,b''
debra Burger,debra_burger,2410792229,,8,,2014-03-14 18:34:59,133,20,b''
alejandro salamanca,alejodesing,285662548,,62, Colombia ,2011-04-21 15:20:09,33,230,"b'Un so\xc3\xb1ador apasionado que le sonr\xc3\xade a la vida, y persigue su felicidad quien lucha cada dia por materializar sus sue\xc3\xb1os .'"
MAVƒ∞,tolgaistinizz,2740179373,,2722,gezegen,2014-08-17 17:37:06,30249,151,"b""'De\xc4\x9fer verdiniz.De\xc4\x9ferlisiniz..'"""
√ùehia,2134a29d9c9b48e,3141389896,,8,,2015-04-06 18:11:58,25,59,b'Yehia Gafar'
Marie Elishiva,Marie_Elishiva,2749639071,,10,,2014-08-21 23:00:27,133,167,"b'wife, mother, christian'"
ivson almeida rom√£o,ivson_f,430581338,,13,Goiana-PE,2011-12-07 10:16:38,4,42,b''
F daily haripur,Fdailyh96481599,2761764584,,0,,2014-08-24 08:12:48,4,0,b''
k‚òÖn‚òÖ,kanami0421,186467989,,1,,2010-09-03 15:01:06,85,3,b''
samuel elliot harris,harris_elliot,578713621,,0,,2012-05-13 06:32:03,2,0,"b'I am 26 years old. I am an artist, musician, poet, rapper, singer, song writer, minister I work with youth as well I work at a place called kids for the future.'"
‚òÜ‚òÜ‚òÜ‚òÜ‚òÜ,jens_jans,387143411,,158,,2011-10-08 15:00:28,1544,713,"b'Lieber zweimal nachgefragt, als einmal nachgedacht! Sapere aude!'"
Pedro Roque,pedrodaniel9598,2535607570,,40,,2014-05-08 18:40:20,126,69,b''
SLUT$ !!!,Obeey_300,1470914276,,14,,2013-05-30 23:49:52,1,33,b''
GUARDANDO USER,catlua1,2505560834,,0,,2014-05-18 21:24:05,3,10,b''
Salwa Eloraby,ElorabySalwa,2429130490,,3,,2014-03-22 15:49:36,5,20,b''
qariizma,qariizma96,134296632,,4,,2010-04-18 01:25:15,3,0,b''
farid md zain,90toying,761261940,,0,jb,2012-08-16 10:06:30,1,29,b''
Laila Carmen,Carmen_Laila,315628500,,2,,2011-06-12 05:39:07,132,118,b''
–ú–∞—Ä–∏–Ω–∞ –†–æ–≥–æ–∂–∫–∏–Ω–∞,varvarina30,1176467617,,0,,2013-02-13 18:19:24,1,0,b''
Patrica Roth,PatriciaRoth,28717953,,65,"Watertown, SD",2009-04-04 02:21:31,1175,233,b''
james tewesa,jamestewesa,892829214,,2,"mpemba blantyre,malawi",2012-10-20 09:06:48,3,11,b'GOD creat man for a purpose.'
‚ôõ.,it67a,3281192960,,2239,"Dubai,Kuwait",2015-07-16 03:12:33,17101,68,"b""'19 | nothing to lose | \xe2\x99\x8a\xef\xb8\x8f. @mutref \xe2\x9d\xa4\xef\xb8\x8f"""
Fashionbrilla,Fashionbrilla,989048852,,0,,2012-12-04 16:00:56,6,9,"b'Fashionbrilla, Le brilliance de la mode. \nBlog & Second hand luxury shop'"
Septiana Eka Mareta,dialovha_chepti,1859360964,,42,bandar lampung,2013-09-13 03:56:26,82,73,b'Cheptia Reizha Artnata ( cintailah orang yang mencintai anda )'
Salaeha Shariff,SalaehaShariff,526660508,,442,"Washington, DC",2012-03-16 18:20:19,1378,392,"b'Now: Director of Strategy, MCAT Preparation & Outreach @AAMC_MCAT | Then: Science Policy @AAAS_STPF. | Traveler, Homecook. | All views my own.'"
Jennifer Houston,Jennife90813276,2303945978,,0,,2014-01-22 00:55:51,4,4,b''
Portia Sheard,tiahjean,843663372,,32,Australia,2012-09-24 14:16:30,15,0,"b""Give me sushi and I'll be your best friend. travel and fashion blogger."""
Rosa Flores,rositamari,17989212,,132,Malaga,2008-12-09 11:06:53,1858,556,b'Auxiliar Tecnico Veterinario.'
Adriana Velazquez,YarnNature,1655888336,,11,,2013-08-08 17:50:53,672,91,"b'Baker, adventurous, versatile and very open-minded'"
ÿ≤Ÿáÿ±ÿ© ÿ≤Ÿäÿ≤ŸÅŸàŸÜ,zeezfoon,722523073,,7,,2012-07-28 17:15:40,101,22,b''
lupita linda,hellenguadalupe,435394188,,6,nicaruagua,2011-12-13 00:53:23,51,88,b'soy amistosa buena onda y  bromista'
ŸÖŸÑÿ¢⁄© ŸÖÿ¨ŸÜŸàŸÜÿ© ÿ∫Ÿèÿ±ŸÖ,mlak___mm_,715467767,,0,,2013-10-15 02:33:23,1,0,b''
ÏµúÏú†ÎÇò,chldbsk1995_1,2595894606,,0,,2014-06-30 06:34:55,51,0,b''
sara,sara_arsya,2424512828,,30,,2014-04-03 00:13:37,338,83,b'mind your own bussiness'
Mi Tran,imaNinjaBtch,84833362,,0,,2009-10-24 12:20:55,1,0,b''
lindsay voeltz,lindsayvoeltz,1636762296,,1,,2013-08-01 01:08:28,1,41,b'love to sing'
Tosha L Patterson,TLPatter,297158298,,193,,2011-05-12 01:29:43,919,556,b'Proud Pitbull Parent Army Wife Fitness Junkie I love my college football ROLL TIDE & to watch MMA  \xe2\x9d\xa4\xef\xb8\x8f'
Transit,TransitMinistry,270616079,,0,,2011-03-22 23:18:22,4,0,b''
„Ç´„ÇØ„É≠,kakufuta,1113321242,,21,ÂÖµÂ∫´Áúå,2013-01-23 03:22:44,448,46,b'\xe3\x83\x94\xe3\x82\xb0\xe3\x82\xab\xe3\x83\x95\xe3\x82\xa7\xe3\x81\xa8\xe3\x83\x94\xe3\x82\xb0\xe3\x83\xa9\xe3\x82\xa4\xe3\x83\x95\xe3\x82\x92\xe9\xa0\x91\xe5\xbc\xb5\xe3\x81\xa3\xe3\x81\xa6\xe3\x81\xbe\xe3\x81\x99\xef\xbc\x88\xe7\xac\x91\xef\xbc\x89'
jyothy,jyothy00,2839813537,,0,,2014-10-04 07:29:05,1,5,b''
ŸàŸÑÿØ ÿßŸÑŸÜÿ¥ÿßŸÖÿß,WLD_JOR,2338132754,,99,,2014-02-11 10:17:38,12,113,b''
Prabhat Tripathi,Prabhat91172306,1864294022,,5,,2013-09-14 16:15:41,36,47,b'Engineer'
william,gullytroopz,186613440,,5,home,2010-09-03 22:51:48,30,25,b''
No,No87817817,3196573302,,0,,2015-05-15 18:30:42,2,0,b''
Kaili Morano,KailiMorano,515706626,,122,,2012-03-05 18:01:50,106,183,b''
Ajay raj,Rajankumardas6,3285224780,,0,,2015-07-20 10:03:21,4,5,b''
v,veronicamcb_,1053512148,,458,Venezuela.,2013-01-01 21:29:29,5552,1531,b'\xf0\x9f\x96\xa4\xf0\x9f\x96\xa4'
Eduardo Urbieta,Eduurbieta,187352931,,53,"Asunc√≥n, Paraguay",2010-09-06 00:27:59,59,141,b''
Bill Janes,bill_janes,2637087041,,4,,2014-06-24 08:33:50,1,5,b''
√ñNER EROL,NEREROL2,3345995230,,27,,2015-06-25 20:48:18,348,210,b''
daimonia eukaristia,amane_cute,236709189,,11,,2011-01-11 05:44:05,46,8,b''
–ú—É—Å–∞ –¢–∞–ª—ã–±–æ–≤,musa091t,1885072249,,0,,2013-09-20 02:00:16,1,2,b''
Pat Leo,pmleo1,1865340074,,4,,2013-09-14 23:08:44,1,36,b''
„Å©„Å£„Åç„ÇÖ„Çì,HaieroNt,2274579756,,9,,2014-01-03 14:27:05,10,20,b''
rades wijaya,WijayaRades,627028418,,12,,2012-07-05 03:56:53,1,0,b''
Donovan Brooks Jr.,Dynamite_5118,164420444,,10,"Windsor, Ontario",2010-07-08 21:00:45,63,22,b'eat  sleep  ball'
tomas ruffini,tomasruffini,739477610,,5,,2012-08-06 00:01:36,2,214,b''
alexis smith,alexiss39483278,2288948753,,1,,2014-01-18 00:40:04,7,3,b''
Maateeuss,MaateeussZL,220996083,,23,,2010-11-29 13:03:07,138,97,b'F\xc3\xa9 Em Deus Que Ele Justo'
„Å°„Å≥,chibi45755299,1911132336,,4,,2013-09-27 13:39:15,9,20,b''
priya chandani,priyachandani2,968248249,,0,,2012-11-24 15:41:02,1,0,b''
The Daily Bailey,dadailybailey,2730827374,,0,,2014-08-01 15:42:02,2,0,b''
Latin Martz,LatinMartz,3179380249,,2,,2015-04-29 13:32:53,19,90,b''
Sergio Villalba,SergioVillalb10,1959329544,,3,,2013-10-13 20:27:58,1,11,b''
Bimanda,Bimanda1,524146533,,3,Where in the world are you?,2012-03-14 08:28:07,80,15,b'Like this'
Evan Gorczynski,EGtheCreator,301538117,,39,West Hartford,2011-05-19 16:53:35,22,34,b''
coffeegretchen,coffeegretchen,43630228,,79,"New Jersey, USA",2009-05-31 02:42:17,71,167,b''
skylar jai ,tablestvrned,2447296787,,57,,2014-03-30 14:55:23,46,327,"b""I don't know where I'm going, but it's where I wanna be. // youtubers, viners, & musicians"""
ÿÆŸÑŸäŸÑ ÿßŸÑÿ®ÿ¥Ÿäÿ±,KallelBasher,1029003114,,0,ÿßŸÑÿπÿ±ÿßŸÇ\ ÿßŸÑŸÖŸàÿµŸÑ,2012-12-22 18:19:41,1,4,b''
AJ,Legit_Regice,3022238607,,1,,2015-02-06 21:57:18,24,1,b'Hi'
muss,muss_aja,294477772,,100,Balikpapan,2011-05-07 06:51:03,1798,92,b'Never sleep.Paranoid.Said Strange.Dead go to Hell'
¬∞- ÿ™ÿ¢ÿ¢ÿ¨,a_mp_iq901184,2531559466,,0,,2014-05-05 18:17:18,1,13,b'\xd9\x84\xd8\xa7\xd8\xa7\xd9\x84\xd9\x80\xd9\x80\xd9\x80\xd9\x80\xd9\x80\xd9\x80\xd9\x87 \xd8\xa7\xd9\x84\xd8\xa7\xd8\xa7\xd9\x86\xd8\xaa \xd8\xb3\xd8\xa8\xd8\xad\xd8\xa7\xd9\x86\xd9\x83 \xd8\xa7\xd9\x86\xd9\x8a \xd9\x83\xd9\x86 \xd9\x85\xd9\x86 \xd8\xa7\xd9\x84\xd8\xb8\xd8\xa7\xd9\x84\xd9\x85\xd9\x8a\xd9\x86'
Dst,Pedroaaraujo_,2375556294,,7,,2014-03-06 15:53:40,3,0,b''
kiErralatriceyoung,DaMnWTFulookin4,805945520,,5,,2012-09-06 03:19:08,3,6,b''
Scott Holes,SmallBlondGuy,3002130953,,8,,2015-01-27 21:46:40,2,8,"b""I'm a small, blond guy livin in Brum. People kept waffling on about Twitter, so I thought I'd have a look. It looks alright; but this 160 character lark isn't e"""
OusSama L√† RoUma,OusSamaLRoUma,1498069778,,2,,2013-06-10 11:36:43,2,123,b'paS De TaHLeb ^^'
Ryan Colquitt,maxcolquitt,3294677478,,15,,2015-07-26 08:38:13,35,46,b'he i come on twitter\nyes \nlol'
elie sfeir,elie_saga,850294951,,209,Jbeil - lebanon,2012-09-28 01:59:02,1713,187,"b'Am just a normal guy, song and SCI.FI. stories writer, and hoping to release my first album soon.'"
Kimberly Synnott,KimberlySynnott,3124065581,,50,"Manhattan, NY",2015-03-28 15:23:47,7,369,"b'Fun and friendly, positively love to make people happy!'"
AALOK SHRIVASTAV,aalokshrivastav,333263785,,28,,2011-07-11 07:49:49,1473,39,b''
gonzalo yedro,GonzaYedro,2620011410,,0,,2014-07-12 00:52:01,1,30,b''
menou,kimagu_ren404,515213430,,160,ËÑ≥ÂÜÖ:„ÅäËìÆÁïë,2012-03-05 07:44:05,28671,543,b'\xe6\xb0\x97\xe3\x81\xae\xe5\x90\x91\xe3\x81\x8f\xe3\x81\xbe\xe3\x81\xbe\xe3\x80\x81\xe5\x85\xb6\xe3\x81\xae\xe7\x9e\xac\xe9\x96\x93\xe6\x84\x9b\xe3\x81\xa7\xe3\x81\x9f\xe3\x81\x84\xe3\x83\xa2\xe3\x83\x8e\xe3\x82\x92\xe6\x84\x9b\xe3\x81\xa7\xe3\x82\x8b\xe9\x9b\x91\xe9\xa3\x9f\xef\xbd\xa1\xe8\xa9\xb1\xe9\xa1\x8c\xe3\x81\x94\xe3\x81\xa3\xe3\x81\x9f\xe3\x80\x81\xe6\x99\x82\xe3\x80\x85\xe8\xad\xb2\xe6\xb8\xa1\xe4\xba\xa4\xe6\x8f\x9b\xe8\xa9\xb1\xe3\x80\x82\xe3\x81\x8a\xe5\x8f\x96\xe5\xbc\x95\xe3\x81\xab\xe9\x96\xa2\xe3\x81\x97\xe3\x81\xa6\xe3\x81\xafhttps://t.co/L8rbOloEYd\xe3\x82\x92\xe3\x81\x94\xe5\x8f\x82\xe7\x85\xa7\xe3\x80\x82\xe3\x82\xad\xe3\x83\xa3\xe3\x83\xb3\xe3\x83\x91\xe3\x83\xbc\xe9\x81\xa9\xe5\x90\x88\xe8\x80\x85\xe3\x80\x82\xe5\x89\xb5\xe4\xbd\x9c:@tsuredsu_ren040 \xe2\x80\xbb\xe6\x88\x90\xe4\xba\xba\xe6\xb8\x88/\xe6\x99\x82\xe3\x81\xab\xef\xbe\x90\xef\xbd\xad\xef\xbd\xb0\xef\xbe\x84\xe6\x8e\xa8\xe5\xa5\xa8\xe2\x80\xbb'
Mansur Moalim,mansur_moalim,3115373504,,0,,2015-03-29 13:28:02,1,14,b'Goodness gets goodness for reward.'
ProWebPixels,ProWebPixels,2210684653,,15,Jakarta,2013-11-23 13:26:19,4,16,b'A Unique & Creative Web Design for Your Business.'
Angharad kersey,MrsAKersey,243157950,,3,,2011-01-26 12:41:54,1,5,b''
Paloma_lima,maga_lima,219039909,,19,,2010-11-23 19:32:02,142,58,"b'Apaixonada pela viva,'"
dampsey mike,damp1995,303199909,,2,,2011-05-22 13:25:30,4,18,b''
dahliana_Nda,Dahliana_Adinda,249690403,,210,Bekasi - Indonesia,2011-02-09 15:40:32,285,885,b'~ Allah swt | FollBack? Just Mention | Smpn9 Tambun Selatan | ~'
LORIS TAVERNIER,TavernierLoris,3327077841,,41,,2015-06-15 14:53:01,59,242,b'Yo abonnez vous svp merci \xe2\x9c\x8c'
ÿπÿ®ÿØÿßŸÑÿπÿ≤Ÿäÿ≤ ÿ®ŸÜ ŸÖÿ®ÿßÿ±ŸÉ,d502dd,2993155352,,5,,2015-01-23 09:32:17,81,26,b''
wilson solis,solis_wilson,358271960,,16,Brasil,2011-08-19 17:15:44,128,71,b'O amor se foi minha querida e est\xc3\xa1a t\xc3\xa3ao distantee quem neem quero mais alcan\xc3\xa7aa-lo!!'
sarah,cafetema,2413126334,,0,,2014-03-26 20:23:34,1,2,b''
Moritz Kolle,Diggahballert,3050094799,,3,,2015-02-28 15:00:07,1,22,b'follow me I follow back :)'
maria del carmen goz,carmenflez30,2411918714,,3,,2014-03-26 02:53:22,1,33,b''
cruise 38,Cruise38,367996304,,3,,2011-09-04 22:31:09,3,12,b''
Fares Alnori,farooos313,2270154565,,0,,2013-12-31 09:36:57,1,7,b''
Sean Fazekas,DarthStryk3R,109592529,,15,,2010-01-29 15:51:31,115,77,b''
Mary Brehl,MaryBrehl,2401542734,,43,"Cumming, GA",2014-03-21 13:06:59,105,53,b'Human Resources Professional - works at the #1 Top Workplace in Atlanta - AJC Top Workplaces - midsize category'
Jenni Trujillo,jennitrujillo21,3022941775,,425,"Tacoma, WA",2015-02-16 20:18:24,762,318,b''
Gerardismo,EternoFCB_,1873089194,,553,FC Barcelona,2013-09-16 21:28:10,610,547,b'Eternamente cul\xc3\xa9. Lugar para los barcelonistas de coraz\xc3\xb3n. \xc2\xa1Siempre Bar\xc3\xa7a!'
Alessandro Marcolini,Alessandro69633,1115223914,,5,,2013-01-23 20:23:24,1,13,b''
vittorio del prete,Svitis,168136571,,0,,2010-07-18 13:59:47,1,0,b''
farid ahmat,ayied58,1155051853,,2,JOHOR,2013-02-06 20:43:48,26,63,b'hidup sempoi'
makenzie mae,burnt_saphire,66230393,,0,"oklahome,?????",2009-08-17 00:32:58,4,2,"b'im fun a little emotional. i like music lke to sing.learning to play an instrument. i like animals.camping,beaches havent been to many though.i like sports to.'"
Dominick Pageau,DominickPageau,960674581,,49,,2012-11-20 15:30:35,87,206,"b'Agro\xc3\xa9conomiste a @Fadq_com : rel\xc3\xa8ve agricole, production bovine, serriculture, horticulture ornementale, bien-\xc3\xaatre animale ... et autres !'"
james corbett,JamesJim6c,326111264,,11,,2011-06-29 11:48:59,101,25,b''
‚ô°,sd_gf9,2181052548,,350,,2013-11-07 23:28:29,7829,1547,"b""You are valuable don't let anyone make you believe differently."""
beetee,tundeseyi79,1495238438,,0,,2013-06-09 10:29:01,10,17,b''
MM Cheats With Edge,EdgeMMCheats,428517338,,13,Minimonos Island,2011-12-04 21:23:23,102,0,"b'MMCWE is a @Minimonos site, owned by @Edge2307MM! We have 2 Apps and a very popular site, check it out today! :)'"
Jennifer,dje2784,1706193715,,1,,2013-08-28 02:53:58,1,1,b''
North County Niners,mparker49,1002835212,,93,"Solana Beach, CA",2012-12-10 23:33:26,62,182,b'Official 49ers Booster Club and Niner Empire Chapter in North County San Diego. HQ is the Saddle Bar in Solana Beach. Come join us each game and wear red!'
Jenna Greeley,jennagreeley,75360247,,154,"Toronto, ON",2009-09-18 19:17:42,902,235,b''
MAI,0731_mai,740839057,,1,,2012-08-06 15:23:01,14,2,b''
giipu,fish_fush,2367468571,,0,,2014-03-01 18:45:33,1,10,b'hii :)'
widi dwi narni,widi_dwi_narni,131153445,,3,,2010-04-09 12:34:47,1,0,b''
–±–∞–µ—Ç–æ–≤–∞ –∞–π–≥—É–ª—å,zhukenovna,3104683813,,1,,2015-03-23 10:19:52,2,0,b''
hara hirosi,hiro62519,111217083,,1,,2010-02-04 04:56:19,1,3,b''
dasudhausidas,saasdasdaaaa,3047516105,,0,,2015-02-20 18:12:09,1,71,b''
